{"value_loss": 0.008564007701352239, "_timestamp": 1738122982.712556, "policy_loss": -0.017599929394470692, "dist_entropy": 2.131574346905663, "actor_grad_norm": 0.7154955267906189, "critic_grad_norm": 0.20130032300949097, "ratio": 0.9956942796707153, "average_episode_travel_time": 145.4765625, "average_episode_travel_distance": 8.44010075226053, "done_percentage": 1.0, "average_episode_num_reached_goal": 2.0, "average_episode_conflict_percentage": 0.15062883479864891, "average_episode_min_distance_mean": 0.6073897461788212, "average_episode_min_distance_min": 0.006438896398628699, "average_episode_multiple_engagement_percentage": 0.3545563726880915, "average_episode_rewards": -682.0316731929779, "agent0/individual_rewards": -1.7605473583688416, "agent0/time_to_goal": 35.0, "agent0/min_time_to_goal": 34.23118200803323, "agent0/dist_to_goal": 1.9166918436386977, "agent0/num_agent_collisions": 2.40625, "agent0/num_obstacle_collisions": 0.0, "agent0/distance_mean": 5.410526635593309, "agent0/distance_variance": 0.9196364149845186, "agent0/mean_variance": 8.025552213800925, "agent0/dists_traveled": 5.706889312290098, "agent0/time_taken": -1.0, "agent0/time_mean": -1.0, "agent0/time_variance": 0.0, "agent0/time_mn_by_stddev": -10000.0, "agent1/individual_rewards": -0.779217611066997, "agent1/time_to_goal": 35.0, "agent1/min_time_to_goal": 36.65885213632252, "agent1/dist_to_goal": 1.5439392829743768, "agent1/num_agent_collisions": 5.640625, "agent1/num_obstacle_collisions": 0.0, "agent1/distance_mean": 5.42104673026279, "agent1/distance_variance": 0.9210557468905769, "agent1/mean_variance": 8.112405136941888, "agent1/dists_traveled": 5.330190865177167, "agent1/time_taken": -1.0, "agent1/time_mean": -1.0, "agent1/time_variance": 0.0, "agent1/time_mn_by_stddev": -10000.0, "agent2/individual_rewards": -1.7849825909361243, "agent2/time_to_goal": 35.0, "agent2/min_time_to_goal": 39.4911251968919, "agent2/dist_to_goal": 1.6118180486927787, "agent2/num_agent_collisions": 7.84375, "agent2/num_obstacle_collisions": 0.0, "agent2/distance_mean": 5.431045429637265, "agent2/distance_variance": 0.9212654588119942, "agent2/mean_variance": 8.188101525688635, "agent2/dists_traveled": 5.276886173937109, "agent2/time_taken": -1.0, "agent2/time_mean": -1.0, "agent2/time_variance": 0.0, "agent2/time_mn_by_stddev": -10000.0, "agent3/individual_rewards": -2.2716307267546654, "agent3/time_to_goal": 35.0, "agent3/min_time_to_goal": 39.04279653650832, "agent3/dist_to_goal": 1.80547371934086, "agent3/num_agent_collisions": 7.140625, "agent3/num_obstacle_collisions": 0.0, "agent3/distance_mean": 5.442045053871151, "agent3/distance_variance": 0.9241020194674738, "agent3/mean_variance": 8.256280886229355, "agent3/dists_traveled": 5.45421386408023, "agent3/time_taken": -1.0, "agent3/time_mean": -1.0, "agent3/time_variance": 0.0, "agent3/time_mn_by_stddev": -10000.0, "_runtime": 17999.743117809296, "_step": 9990400, "_wandb": {"runtime": 17999}}