{"_wandb":{"runtime":45623},"done_percentage":0.9921875,"agent3/individual_rewards":-2.1771954927772548,"agent3/dists_traveled":6.763071438484998,"_timestamp":1.7383157043830545e+09,"agent2/min_time_to_goal":35.24401531630329,"agent3/time_taken":-1,"agent1/num_agent_collisions":0.21875,"agent1/time_mn_by_stddev":-10000,"agent2/num_obstacle_collisions":0,"agent1/min_time_to_goal":38.862832525801934,"agent1/num_obstacle_collisions":0,"agent3/num_agent_collisions":2.625,"agent3/time_mn_by_stddev":-10000,"agent0/time_to_goal":35,"agent3/time_to_goal":35,"agent0/num_agent_collisions":0,"average_episode_conflict_percentage":0.003398343458803973,"ratio":0.9928481578826904,"agent2/distance_mean":6.737209268823923,"agent2/time_mean":-1,"critic_grad_norm":0.6939827799797058,"agent1/dists_traveled":6.731175639572197,"agent1/distance_mean":6.725501751051329,"agent0/mean_variance":8.84493613812084,"agent1/time_variance":0,"agent0/dists_traveled":7.047793269152942,"average_episode_min_distance_mean":0.8518118035530353,"agent1/time_taken":-1,"agent1/distance_variance":0.9914633081612187,"value_loss":0.06860111951828003,"agent3/min_time_to_goal":38.920442886091564,"agent0/min_time_to_goal":36.18323095466274,"agent0/individual_rewards":-2.898086771080534,"agent2/dist_to_goal":1.7015160094725872,"agent2/num_agent_collisions":2.65625,"average_episode_num_reached_goal":1.9921875,"average_episode_travel_time":191.5625,"agent3/time_variance":0,"agent2/distance_variance":0.9934973713497834,"agent0/time_taken":-1,"agent2/time_variance":0,"agent3/num_obstacle_collisions":0,"agent2/individual_rewards":-2.9182824324816465,"average_episode_min_distance_min":0.05407438307774798,"agent1/individual_rewards":-3.0960775688290596,"agent2/time_mn_by_stddev":-10000,"agent3/mean_variance":8.82919470157201,"actor_grad_norm":1.488178014755249,"_step":9979200,"agent3/time_mean":-1,"agent3/distance_variance":0.9952117235003126,"policy_loss":-0.020430684586283405,"agent1/time_mean":-1,"agent3/distance_mean":6.750136056418092,"average_episode_multiple_engagement_percentage":0.036359922876475693,"agent1/mean_variance":8.782844818553441,"average_episode_rewards":-876.6273193359375,"agent0/distance_mean":6.712636790293644,"agent2/time_to_goal":35,"agent2/mean_variance":8.762026199128712,"dist_entropy":1.9381978833675384,"agent0/distance_variance":0.9883216082667281,"agent0/time_variance":0,"agent2/dists_traveled":6.45850387846223,"agent0/num_obstacle_collisions":0,"_runtime":45623.256209292,"average_episode_travel_distance":11.658103898104118,"agent0/dist_to_goal":1.834469253623291,"agent1/dist_to_goal":2.123203568100868,"agent1/time_to_goal":35,"agent2/time_taken":-1,"agent0/time_mn_by_stddev":-10000,"agent3/dist_to_goal":2.3639888401776314,"agent0/time_mean":-1}