{"value_loss": 0.0029793559107929466, "_timestamp": 1738060435.403784, "policy_loss": -0.0159289299568627, "dist_entropy": 1.3789441227912902, "actor_grad_norm": 1.0487611293792725, "critic_grad_norm": 0.019610241055488586, "ratio": 0.9887682199478149, "average_episode_travel_time": 12.1625, "average_episode_travel_distance": 5.337258449022706, "done_percentage": 1.0, "average_episode_num_reached_goal": 2.0, "average_episode_conflict_percentage": 0.1982645149311181, "average_episode_min_distance_mean": 0.3004338117327406, "average_episode_min_distance_min": 0.03482934136785372, "average_episode_multiple_engagement_percentage": 0.19827135325598527, "average_episode_rewards": -73.52247834205627, "agent0/individual_rewards": -0.875, "agent0/time_to_goal": 25.0, "agent0/min_time_to_goal": 6.954595850147209, "agent0/dist_to_goal": 1.817577000560111, "agent0/num_agent_collisions": 13.375, "agent0/num_obstacle_collisions": 0.0, "agent0/distance_mean": 2.695466178870758, "agent0/distance_variance": 0.5272586871778941, "agent0/mean_variance": 13.276461469584275, "agent0/dists_traveled": 3.1191466581199, "agent0/time_taken": -1.0, "agent0/time_mean": -0.75625, "agent0/time_variance": 0.4221873843449139, "agent0/time_mn_by_stddev": -8749.964841889941, "agent1/individual_rewards": -0.75, "agent1/time_to_goal": 25.0, "agent1/min_time_to_goal": 6.3883856385812665, "agent1/dist_to_goal": 1.7737496288419075, "agent1/num_agent_collisions": 12.375, "agent1/num_obstacle_collisions": 0.0, "agent1/distance_mean": 2.7027259526098986, "agent1/distance_variance": 0.5271714602726343, "agent1/mean_variance": 16.246268118681872, "agent1/dists_traveled": 2.5307560504083333, "agent1/time_taken": -1.0, "agent1/time_mean": -0.75625, "agent1/time_variance": 0.4221873843449139, "agent1/time_mn_by_stddev": -8749.964841889941, "agent2/individual_rewards": -0.625, "agent2/time_to_goal": 25.0, "agent2/min_time_to_goal": 4.880223396665421, "agent2/dist_to_goal": 1.1689919327255223, "agent2/num_agent_collisions": 0.5, "agent2/num_obstacle_collisions": 0.0, "agent2/distance_mean": 2.7105384526098986, "agent2/distance_variance": 0.531806858669683, "agent2/mean_variance": 14.325743590736627, "agent2/dists_traveled": 2.6928720974888796, "agent2/time_taken": -1.0, "agent2/time_mean": -0.75625, "agent2/time_variance": 0.4221873843449139, "agent2/time_mn_by_stddev": -8749.964841889941, "agent3/individual_rewards": 3.091901599861993, "agent3/time_to_goal": 20.7125, "agent3/min_time_to_goal": 5.562066481603038, "agent3/dist_to_goal": 1.512030670875303, "agent3/num_agent_collisions": 13.0, "agent3/num_obstacle_collisions": 0.0, "agent3/distance_mean": 2.7187348030219654, "agent3/distance_variance": 0.5301793853757898, "agent3/mean_variance": 15.822485976521818, "agent3/dists_traveled": 2.5321644060707493, "agent3/time_taken": 1.2125000000000001, "agent3/time_mean": -0.44687499999999997, "agent3/time_variance": 0.9580406029365354, "agent3/time_mn_by_stddev": -7499.921833214074, "_runtime": 14440.243621110916, "_step": 4992000, "_wandb": {"runtime": 14464}}