{"value_loss": 0.07526523374021053, "_timestamp": 1738323353.5132542, "policy_loss": -0.02906717746751383, "dist_entropy": 1.8975485205650329, "actor_grad_norm": 1.3855745792388916, "critic_grad_norm": 1.0056819915771484, "ratio": 0.9960128664970398, "average_episode_travel_time": 192.6875, "average_episode_travel_distance": 11.70699512115247, "done_percentage": 0.9609375, "average_episode_num_reached_goal": 1.953125, "average_episode_conflict_percentage": 0.004364321491726358, "average_episode_min_distance_mean": 0.7949816921297858, "average_episode_min_distance_min": 0.1182387543444342, "average_episode_multiple_engagement_percentage": 0.046390888487620956, "average_episode_rewards": -888.2481336593628, "agent0/individual_rewards": -2.572931714398587, "agent0/time_to_goal": 35.0, "agent0/min_time_to_goal": 32.261004816967414, "agent0/dist_to_goal": 2.1128690758968003, "agent0/num_agent_collisions": 5.125, "agent0/num_obstacle_collisions": 0.0, "agent0/distance_mean": 7.827566078908694, "agent0/distance_variance": 1.5327140026404407, "agent0/mean_variance": 10.027248301386571, "agent0/dists_traveled": 8.155986997585273, "agent0/time_taken": -1.0, "agent0/time_mean": -1.0, "agent0/time_variance": 0.0, "agent0/time_mn_by_stddev": -10000.0, "agent1/individual_rewards": -2.081417355779323, "agent1/time_to_goal": 35.0, "agent1/min_time_to_goal": 34.027420200965366, "agent1/dist_to_goal": 1.3237853359940177, "agent1/num_agent_collisions": 11.125, "agent1/num_obstacle_collisions": 0.0, "agent1/distance_mean": 7.83536106993761, "agent1/distance_variance": 1.5322883134531762, "agent1/mean_variance": 10.088282434252001, "agent1/dists_traveled": 6.783931103385534, "agent1/time_taken": -1.0, "agent1/time_mean": -1.0, "agent1/time_variance": 0.0, "agent1/time_mn_by_stddev": -10000.0, "agent2/individual_rewards": -2.851531520485878, "agent2/time_to_goal": 35.0, "agent2/min_time_to_goal": 41.71189100764457, "agent2/dist_to_goal": 1.9091299189398847, "agent2/num_agent_collisions": 0.46875, "agent2/num_obstacle_collisions": 0.0, "agent2/distance_mean": 7.849367569580736, "agent2/distance_variance": 1.5393143852502, "agent2/mean_variance": 10.034237496760335, "agent2/dists_traveled": 8.885916531316349, "agent2/time_taken": -1.0, "agent2/time_mean": -1.0, "agent2/time_variance": 0.0, "agent2/time_mn_by_stddev": -10000.0, "agent3/individual_rewards": -2.084920031251302, "agent3/time_to_goal": 35.0, "agent3/min_time_to_goal": 41.136440121171795, "agent3/dist_to_goal": 1.808285557852007, "agent3/num_agent_collisions": 6.46875, "agent3/num_obstacle_collisions": 0.0, "agent3/distance_mean": 7.860384192082449, "agent3/distance_variance": 1.541636971445498, "agent3/mean_variance": 10.521708920765295, "agent3/dists_traveled": 7.615702136042637, "agent3/time_taken": -1.0, "agent3/time_mean": -1.0, "agent3/time_variance": 0.0, "agent3/time_mn_by_stddev": -10000.0, "_runtime": 52793.36799621582, "_step": 9979200, "_wandb": {"runtime": 52853}}