{"value_loss": 0.008038932490827782, "_timestamp": 1737953739.228423, "policy_loss": -0.031016574686925327, "dist_entropy": 1.5350080796650478, "actor_grad_norm": 1.1207448244094849, "critic_grad_norm": 0.0839620977640152, "ratio": 0.9859757423400879, "average_episode_travel_time": 18.74296875, "average_episode_travel_distance": 6.614230277529423, "done_percentage": 0.796875, "average_episode_num_reached_goal": 1.71875, "average_episode_conflict_percentage": 0.0037217276404759793, "average_episode_min_distance_mean": 0.8814275116921566, "average_episode_min_distance_min": 0.05971750731556119, "average_episode_multiple_engagement_percentage": 0.06235384455218187, "average_episode_rewards": -163.50208222866058, "agent0/individual_rewards": -0.776625840613948, "agent0/time_to_goal": 25.0, "agent0/min_time_to_goal": 5.530762921269113, "agent0/dist_to_goal": 1.3401234271322982, "agent0/num_agent_collisions": 0.5, "agent0/num_obstacle_collisions": 0.0, "agent0/distance_mean": 3.5687466732646334, "agent0/distance_variance": 0.5813317018572365, "agent0/mean_variance": 11.16302817437877, "agent0/dists_traveled": 3.4198581460542345, "agent0/time_taken": -1.0, "agent0/time_mean": -0.92265625, "agent0/time_variance": 0.13396330464790537, "agent0/time_mn_by_stddev": -9687.489247831032, "agent1/individual_rewards": -0.9078032432047712, "agent1/time_to_goal": 25.0, "agent1/min_time_to_goal": 6.147408047528009, "agent1/dist_to_goal": 1.3865212575253336, "agent1/num_agent_collisions": 0.0, "agent1/num_obstacle_collisions": 0.0, "agent1/distance_mean": 3.575424791597172, "agent1/distance_variance": 0.5827361799359327, "agent1/mean_variance": 11.466842037443168, "agent1/dists_traveled": 3.5894833603135137, "agent1/time_taken": -1.0, "agent1/time_mean": -0.92265625, "agent1/time_variance": 0.13396330464790537, "agent1/time_mn_by_stddev": -9687.489247831032, "agent2/individual_rewards": -0.7818521932966519, "agent2/time_to_goal": 24.496875, "agent2/min_time_to_goal": 4.795947646772218, "agent2/dist_to_goal": 1.1187462241449848, "agent2/num_agent_collisions": 2.40625, "agent2/num_obstacle_collisions": 0.0, "agent2/distance_mean": 3.5827819691955916, "agent2/distance_variance": 0.5839493868200848, "agent2/mean_variance": 13.907472901839515, "agent2/dists_traveled": 3.4407541284036736, "agent2/time_taken": -0.690625, "agent2/time_mean": -0.92265625, "agent2/time_variance": 0.13396330464790537, "agent2/time_mn_by_stddev": -9687.489247831032, "agent3/individual_rewards": -0.08747349676759802, "agent3/time_to_goal": 25.0, "agent3/min_time_to_goal": 6.0510923603064315, "agent3/dist_to_goal": 1.370681355307493, "agent3/num_agent_collisions": 1.90625, "agent3/num_obstacle_collisions": 0.0, "agent3/distance_mean": 3.590694782461937, "agent3/distance_variance": 0.5864253565823676, "agent3/mean_variance": 12.314399844741533, "agent3/dists_traveled": 3.9126834950763265, "agent3/time_taken": -1.0, "agent3/time_mean": -0.92265625, "agent3/time_variance": 0.13396330464790537, "agent3/time_mn_by_stddev": -9687.489247831032, "_runtime": 18528.622885227203, "_step": 4968000, "_wandb": {"runtime": 18643}}