{"value_loss": 0.009234002205942358, "_timestamp": 1737953589.831078, "policy_loss": -0.028217836329713464, "dist_entropy": 1.4929868374552047, "actor_grad_norm": 1.1431092023849487, "critic_grad_norm": 0.0830129012465477, "ratio": 0.9860320091247559, "average_episode_travel_time": 19.709375, "average_episode_travel_distance": 6.92508524517359, "done_percentage": 0.6640625, "average_episode_num_reached_goal": 1.5546875, "average_episode_conflict_percentage": 0.006286530794564435, "average_episode_min_distance_mean": 0.8296905790553428, "average_episode_min_distance_min": 0.05971750731556119, "average_episode_multiple_engagement_percentage": 0.08429674552078548, "average_episode_rewards": -174.4120717048645, "agent0/individual_rewards": 0.2755799445144904, "agent0/time_to_goal": 25.0, "agent0/min_time_to_goal": 5.605846989016403, "agent0/dist_to_goal": 1.2450295217845322, "agent0/num_agent_collisions": 0.125, "agent0/num_obstacle_collisions": 0.0, "agent0/distance_mean": 3.448390726064924, "agent0/distance_variance": 0.5423016827252246, "agent0/mean_variance": 8.906180186871829, "agent0/dists_traveled": 3.463080471786296, "agent0/time_taken": -1.0, "agent0/time_mean": -0.82109375, "agent0/time_variance": 0.3098747147916195, "agent0/time_mn_by_stddev": -9374.976533772515, "agent1/individual_rewards": -0.84375, "agent1/time_to_goal": 24.534375, "agent1/min_time_to_goal": 5.965974397480094, "agent1/dist_to_goal": 1.326978170030126, "agent1/num_agent_collisions": 0.21875, "agent1/num_obstacle_collisions": 0.0, "agent1/distance_mean": 3.45695972226802, "agent1/distance_variance": 0.5456707165901182, "agent1/mean_variance": 8.602863146230593, "agent1/dists_traveled": 3.578256751155247, "agent1/time_taken": -0.653125, "agent1/time_mean": -0.82109375, "agent1/time_variance": 0.3098747147916195, "agent1/time_mn_by_stddev": -9374.976533772515, "agent2/individual_rewards": -0.8125, "agent2/time_to_goal": 24.55625, "agent2/min_time_to_goal": 5.389468500663007, "agent2/dist_to_goal": 1.1653471747451225, "agent2/num_agent_collisions": 0.96875, "agent2/num_obstacle_collisions": 0.0, "agent2/distance_mean": 3.4636539190436055, "agent2/distance_variance": 0.5457938950289627, "agent2/mean_variance": 8.80666446101077, "agent2/dists_traveled": 3.328628211580633, "agent2/time_taken": -0.63125, "agent2/time_mean": -0.82109375, "agent2/time_variance": 0.3098747147916195, "agent2/time_mn_by_stddev": -9374.976533772515, "agent3/individual_rewards": -0.75, "agent3/time_to_goal": 25.0, "agent3/min_time_to_goal": 5.6867080416486635, "agent3/dist_to_goal": 1.4665155156801948, "agent3/num_agent_collisions": 0.875, "agent3/num_obstacle_collisions": 0.0, "agent3/distance_mean": 3.470573893141351, "agent3/distance_variance": 0.5466171971225527, "agent3/mean_variance": 8.868683699877517, "agent3/dists_traveled": 3.512330138043228, "agent3/time_taken": -1.0, "agent3/time_mean": -0.82109375, "agent3/time_variance": 0.3098747147916195, "agent3/time_mn_by_stddev": -9374.976533772515, "_runtime": 18489.7941801548, "_step": 4968000, "_wandb": {"runtime": 18610}}